<?xml version="1.0" encoding="UTF-8"?>
<con:soapui-project name="OsbRestful" resourceRoot="" soapui-version="4.0.1" abortOnError="false" runType="SEQUENTIAL" xmlns:con="http://eviware.com/soapui/config"><con:settings/><con:interface xsi:type="con:RestService" wadlVersion="http://wadl.dev.java.net/2009/02" name="OsbRestful" type="rest" basePath="" xmlns:xsi="http://www.w3.org/2001/XMLSchema-instance"><con:settings/><con:definitionCache type="TEXT" rootPart=""/><con:endpoints><con:endpoint>http://localhost:7001</con:endpoint></con:endpoints><con:resource name="CustomerService" path="exposing-restful-service/CustomerService"><con:settings/><con:parameters/><con:method name="Get" method="GET"><con:settings/><con:parameters><con:parameter required="true"><con:name>id</con:name><con:value>100</con:value><con:style>QUERY</con:style><con:type xmlns:xs="http://www.w3.org/2001/XMLSchema">xs:long</con:type><con:default>100</con:default><con:description xsi:nil="true"/></con:parameter></con:parameters><con:representation type="FAULT"><con:mediaType>text/html</con:mediaType><con:status>404</con:status><con:params/><con:element>html</con:element></con:representation><con:representation type="FAULT"><con:mediaType>text/plain</con:mediaType><con:status>500</con:status><con:params/><con:element>data</con:element></con:representation><con:representation type="RESPONSE"><con:mediaType>text/xml</con:mediaType><con:status>200</con:status><con:params/><con:element xmlns:cus="http://www.somecorp.org/CustomerManagementRest">cus:customer</con:element></con:representation><con:representation type="RESPONSE"><con:mediaType xsi:nil="true"/><con:status>0</con:status><con:params/><con:element>data</con:element></con:representation><con:representation type="RESPONSE"><con:mediaType xsi:nil="true"/><con:status>0</con:status><con:params/><con:element>data</con:element></con:representation><con:representation type="RESPONSE"><con:mediaType xsi:nil="true"/><con:status>0</con:status><con:params/><con:element>data</con:element></con:representation><con:representation type="RESPONSE"><con:mediaType xsi:nil="true"/><con:status>0</con:status><con:params/><con:element>data</con:element></con:representation><con:representation type="RESPONSE"><con:mediaType xsi:nil="true"/><con:status>0</con:status><con:params/><con:element>data</con:element></con:representation><con:representation type="RESPONSE"><con:mediaType xsi:nil="true"/><con:status>0</con:status><con:params/><con:element>data</con:element></con:representation><con:representation type="RESPONSE"><con:mediaType xsi:nil="true"/><con:status>0</con:status><con:params/><con:element>data</con:element></con:representation><con:representation type="RESPONSE"><con:mediaType xsi:nil="true"/><con:status>0</con:status><con:params/><con:element>data</con:element></con:representation><con:representation type="RESPONSE"><con:mediaType xsi:nil="true"/><con:status>0</con:status><con:params/><con:element>data</con:element></con:representation><con:request name="Request 1" mediaType="application/xml"><con:settings><con:setting id="com.eviware.soapui.impl.wsdl.WsdlRequest@request-headers">&lt;xml-fragment/></con:setting></con:settings><con:endpoint>http://localhost:7001</con:endpoint><con:request/><con:jmsConfig JMSDeliveryMode="PERSISTENT"/><con:jmsPropertyConfig/><con:parameters/></con:request></con:method><con:method name="Put" method="PUT"><con:settings/><con:parameters/><con:representation type="RESPONSE"><con:mediaType>text/xml</con:mediaType><con:status>200</con:status><con:params/><con:element>status</con:element></con:representation><con:representation type="REQUEST"><con:mediaType>application/xml</con:mediaType><con:params/><con:element>status</con:element></con:representation><con:request name="Request 1" mediaType="application/xml" postQueryString="false"><con:settings><con:setting id="com.eviware.soapui.impl.wsdl.WsdlRequest@request-headers">&lt;xml-fragment/></con:setting></con:settings><con:endpoint>http://localhost:7001</con:endpoint><con:request><![CDATA[<cus1:Customer xmlns:soapenv="http://schemas.xmlsoap.org/soap/envelope/" xmlns:cus="http://www.crm.org/CustomerService/" xmlns:cus1="http://www.somecorp.com/customer">
   <cus1:ID>1</cus1:ID>
   <cus1:FirstName>Peter</cus1:FirstName>
   <cus1:LastName>Sample</cus1:LastName>
   <cus1:EmailAddress>peter.sample@osb.com</cus1:EmailAddress>
   <cus1:Addresses>
      <cus1:Address>
         <cus1:Street>Somestreet</cus1:Street>
         <cus1:PostalCode>98999</cus1:PostalCode>
         <cus1:City>Somewhere</cus1:City>
      </cus1:Address>
   </cus1:Addresses>
   <cus1:Rating>A</cus1:Rating>
   <cus1:Gender>M</cus1:Gender>
</cus1:Customer>]]></con:request><con:jmsConfig JMSDeliveryMode="PERSISTENT"/><con:jmsPropertyConfig/><con:parameters/></con:request></con:method><con:method name="Post" method="POST"><con:settings/><con:parameters/><con:representation type="RESPONSE"><con:mediaType>text/plain</con:mediaType><con:status>200</con:status><con:params/><con:element>data</con:element></con:representation><con:representation type="REQUEST"><con:mediaType>application/xml</con:mediaType><con:params/><con:element>data</con:element></con:representation><con:representation type="RESPONSE"><con:mediaType>text/xml</con:mediaType><con:status>200</con:status><con:params/><con:element xmlns:cus="http://www.somecorp.org/CustomerManagementRest">cus:customer</con:element></con:representation><con:representation type="FAULT"><con:mediaType>text/xml</con:mediaType><con:status>500</con:status><con:params/></con:representation><con:request name="Request 1" mediaType="application/xml" postQueryString="false"><con:settings><con:setting id="com.eviware.soapui.impl.wsdl.WsdlRequest@request-headers">&lt;xml-fragment/></con:setting></con:settings><con:endpoint>http://localhost:7001</con:endpoint><con:request><![CDATA[<cus1:Customer xmlns:soapenv="http://schemas.xmlsoap.org/soap/envelope/" xmlns:cus="http://www.crm.org/CustomerService/" xmlns:cus1="http://www.somecorp.com/customer">
   <cus1:FirstName>Peter</cus1:FirstName>
   <cus1:LastName>Sample</cus1:LastName>
   <cus1:EmailAddress>peter.sample@osb.com</cus1:EmailAddress>
   <cus1:Addresses>
      <cus1:Address>
         <cus1:Street>Somestreet</cus1:Street>
         <cus1:PostalCode>98999</cus1:PostalCode>
         <cus1:City>Somewhere</cus1:City>
      </cus1:Address>
   </cus1:Addresses>
   <cus1:Rating>A</cus1:Rating>
   <cus1:Gender>M</cus1:Gender>
</cus1:Customer>]]></con:request><con:jmsConfig JMSDeliveryMode="PERSISTENT"/><con:jmsPropertyConfig/><con:parameters/></con:request></con:method><con:method name="Delete" method="DELETE"><con:settings/><con:parameters><con:parameter required="true"><con:name>id</con:name><con:value>1</con:value><con:style>QUERY</con:style><con:type xmlns:xs="http://www.w3.org/2001/XMLSchema">xs:long</con:type><con:default>1</con:default></con:parameter></con:parameters><con:representation type="FAULT"><con:mediaType>text/plain</con:mediaType><con:status>500</con:status><con:params/><con:element>data</con:element></con:representation><con:representation type="RESPONSE"><con:mediaType>text/xml</con:mediaType><con:status>200</con:status><con:params/><con:element>status</con:element></con:representation><con:request name="Request 1" mediaType="application/xml"><con:settings><con:setting id="com.eviware.soapui.impl.wsdl.WsdlRequest@request-headers">&lt;xml-fragment/></con:setting></con:settings><con:endpoint>http://localhost:7001</con:endpoint><con:request/><con:jmsConfig JMSDeliveryMode="PERSISTENT"/><con:jmsPropertyConfig/><con:parameters/></con:request></con:method></con:resource></con:interface><con:properties/><con:wssContainer/></con:soapui-project>