<?xml version="1.0" encoding="UTF-8"?>
<object-persistence xmlns="http://www.eclipse.org/eclipselink/xsds/persistence" xmlns:xsd="http://www.w3.org/2001/XMLSchema" xmlns:eclipselink="http://www.eclipse.org/eclipselink/xsds/persistence" xmlns:xsi="http://www.w3.org/2001/XMLSchema-instance" version="Eclipse Persistence Services - 2.1.2.v20101206-r8635">
   <name>FindCustomer-OR</name>
   <class-mapping-descriptors>
      <class-mapping-descriptor xsi:type="object-relational-class-mapping-descriptor">
         <class>FindCustomer.AddressT</class>
         <alias>ADDRESS_T</alias>
         <primary-key>
            <field table="ADDRESS_T" name="ID" xsi:type="column"/>
         </primary-key>
         <events/>
         <querying/>
         <attribute-mappings>
            <attribute-mapping xsi:type="direct-mapping">
               <attribute-name>id</attribute-name>
               <field table="ADDRESS_T" name="ID" xsi:type="column"/>
               <attribute-classification>java.lang.Long</attribute-classification>
            </attribute-mapping>
            <attribute-mapping xsi:type="direct-mapping">
               <attribute-name>personId</attribute-name>
               <read-only>true</read-only>
               <properties>
                  <property name="fkPlaceholder">
                     <value>true</value>
                  </property>
               </properties>
               <field table="ADDRESS_T" name="PERSON_ID" xsi:type="column"/>
               <attribute-classification>java.lang.Long</attribute-classification>
            </attribute-mapping>
            <attribute-mapping xsi:type="direct-mapping">
               <attribute-name>addressType</attribute-name>
               <field table="ADDRESS_T" name="ADDRESS_TYPE" xsi:type="column"/>
               <attribute-classification>java.lang.String</attribute-classification>
            </attribute-mapping>
            <attribute-mapping xsi:type="direct-mapping">
               <attribute-name>street</attribute-name>
               <field table="ADDRESS_T" name="STREET" xsi:type="column"/>
               <attribute-classification>java.lang.String</attribute-classification>
            </attribute-mapping>
            <attribute-mapping xsi:type="direct-mapping">
               <attribute-name>zipCode</attribute-name>
               <field table="ADDRESS_T" name="ZIP_CODE" xsi:type="column"/>
               <attribute-classification>java.lang.String</attribute-classification>
            </attribute-mapping>
            <attribute-mapping xsi:type="direct-mapping">
               <attribute-name>city</attribute-name>
               <field table="ADDRESS_T" name="CITY" xsi:type="column"/>
               <attribute-classification>java.lang.String</attribute-classification>
            </attribute-mapping>
            <attribute-mapping xsi:type="direct-mapping">
               <attribute-name>countryId</attribute-name>
               <field table="ADDRESS_T" name="COUNTRY_ID" xsi:type="column"/>
               <attribute-classification>java.lang.Long</attribute-classification>
            </attribute-mapping>
         </attribute-mappings>
         <descriptor-type>independent</descriptor-type>
         <caching>
            <cache-type>weak-reference</cache-type>
            <cache-size>-1</cache-size>
            <always-refresh>true</always-refresh>
         </caching>
         <remote-caching>
            <cache-type>weak-reference</cache-type>
            <cache-size>-1</cache-size>
         </remote-caching>
         <instantiation/>
         <copying xsi:type="instantiation-copy-policy"/>
         <tables>
            <table name="ADDRESS_T"/>
         </tables>
         <structure>structureName</structure>
      </class-mapping-descriptor>
      <class-mapping-descriptor xsi:type="object-relational-class-mapping-descriptor">
         <class>FindCustomer.CustomerT</class>
         <alias>CUSTOMER_T</alias>
         <primary-key>
            <field table="CUSTOMER_T" name="ID" xsi:type="column"/>
         </primary-key>
         <events/>
         <querying>
            <queries>
               <query name="FindCustomerSelect" xsi:type="read-all-query">
                  <criteria operator="equal" xsi:type="relation-expression">
                     <left name="id" xsi:type="query-key-expression">
                        <base xsi:type="base-expression"/>
                     </left>
                     <right xsi:type="parameter-expression">
                        <parameter name="customerId" xsi:type="column"/>
                     </right>
                  </criteria>
                  <arguments>
                     <argument name="customerId">
                        <type>java.lang.String</type>
                     </argument>
                  </arguments>
                  <reference-class>FindCustomer.CustomerT</reference-class>
                  <container xsi:type="list-container-policy">
                     <collection-type>java.util.Vector</collection-type>
                  </container>
               </query>
            </queries>
         </querying>
         <attribute-mappings>
            <attribute-mapping xsi:type="direct-mapping">
               <attribute-name>id</attribute-name>
               <field table="CUSTOMER_T" name="ID" xsi:type="column"/>
               <attribute-classification>java.lang.Long</attribute-classification>
            </attribute-mapping>
            <attribute-mapping xsi:type="direct-mapping">
               <attribute-name>personId</attribute-name>
               <read-only>true</read-only>
               <properties>
                  <property name="fkPlaceholder">
                     <value>true</value>
                  </property>
               </properties>
               <field table="CUSTOMER_T" name="PERSON_ID" xsi:type="column"/>
               <attribute-classification>java.lang.Long</attribute-classification>
            </attribute-mapping>
            <attribute-mapping xsi:type="direct-mapping">
               <attribute-name>rating</attribute-name>
               <field table="CUSTOMER_T" name="RATING" xsi:type="column"/>
               <attribute-classification>java.lang.String</attribute-classification>
            </attribute-mapping>
            <attribute-mapping xsi:type="direct-mapping">
               <attribute-name>ccType</attribute-name>
               <field table="CUSTOMER_T" name="CC_TYPE" xsi:type="column"/>
               <attribute-classification>java.lang.String</attribute-classification>
            </attribute-mapping>
            <attribute-mapping xsi:type="direct-mapping">
               <attribute-name>ccNumber</attribute-name>
               <field table="CUSTOMER_T" name="CC_NUMBER" xsi:type="column"/>
               <attribute-classification>java.lang.String</attribute-classification>
            </attribute-mapping>
            <attribute-mapping xsi:type="direct-mapping">
               <attribute-name>ccExpiration</attribute-name>
               <field table="CUSTOMER_T" name="CC_EXPIRATION" xsi:type="column"/>
               <attribute-classification>java.lang.String</attribute-classification>
            </attribute-mapping>
            <attribute-mapping xsi:type="direct-mapping">
               <attribute-name>ccCvc</attribute-name>
               <field table="CUSTOMER_T" name="CC_CVC" xsi:type="column"/>
               <attribute-classification>java.lang.String</attribute-classification>
            </attribute-mapping>
            <attribute-mapping xsi:type="one-to-one-mapping">
               <attribute-name>personId</attribute-name>
               <reference-class>FindCustomer.PersonT</reference-class>
               <private-owned>true</private-owned>
               <foreign-key>
                  <field-reference>
                     <source-field table="CUSTOMER_T" name="PERSON_ID" xsi:type="column"/>
                     <target-field table="PERSON_T" name="ID" xsi:type="column"/>
                  </field-reference>
               </foreign-key>
               <foreign-key-fields>
                  <field table="CUSTOMER_T" name="PERSON_ID" xsi:type="column"/>
               </foreign-key-fields>
               <batch-reading>true</batch-reading>
               <indirection xsi:type="value-holder-indirection-policy"/>
               <selection-query xsi:type="read-object-query">
                  <reference-class>FindCustomer.PersonT</reference-class>
               </selection-query>
            </attribute-mapping>
         </attribute-mappings>
         <descriptor-type>independent</descriptor-type>
         <caching>
            <cache-type>weak-reference</cache-type>
            <cache-size>-1</cache-size>
            <always-refresh>true</always-refresh>
         </caching>
         <remote-caching>
            <cache-type>weak-reference</cache-type>
            <cache-size>-1</cache-size>
         </remote-caching>
         <instantiation/>
         <copying xsi:type="instantiation-copy-policy"/>
         <tables>
            <table name="CUSTOMER_T"/>
         </tables>
         <structure>structureName</structure>
      </class-mapping-descriptor>
      <class-mapping-descriptor xsi:type="object-relational-class-mapping-descriptor">
         <class>FindCustomer.PersonT</class>
         <alias>PERSON_T</alias>
         <primary-key>
            <field table="PERSON_T" name="ID" xsi:type="column"/>
         </primary-key>
         <events/>
         <querying/>
         <attribute-mappings>
            <attribute-mapping xsi:type="direct-mapping">
               <attribute-name>id</attribute-name>
               <field table="PERSON_T" name="ID" xsi:type="column"/>
               <attribute-classification>java.lang.Long</attribute-classification>
            </attribute-mapping>
            <attribute-mapping xsi:type="direct-mapping">
               <attribute-name>firstName</attribute-name>
               <field table="PERSON_T" name="FIRST_NAME" xsi:type="column"/>
               <attribute-classification>java.lang.String</attribute-classification>
            </attribute-mapping>
            <attribute-mapping xsi:type="direct-mapping">
               <attribute-name>lastName</attribute-name>
               <field table="PERSON_T" name="LAST_NAME" xsi:type="column"/>
               <attribute-classification>java.lang.String</attribute-classification>
            </attribute-mapping>
            <attribute-mapping xsi:type="direct-mapping">
               <attribute-name>email</attribute-name>
               <field table="PERSON_T" name="EMAIL" xsi:type="column"/>
               <attribute-classification>java.lang.String</attribute-classification>
            </attribute-mapping>
            <attribute-mapping xsi:type="direct-mapping">
               <attribute-name>birthDate</attribute-name>
               <field table="PERSON_T" name="BIRTH_DATE" xsi:type="column"/>
               <attribute-classification>java.sql.Timestamp</attribute-classification>
            </attribute-mapping>
            <attribute-mapping xsi:type="one-to-many-mapping">
               <attribute-name>addressTCollection</attribute-name>
               <reference-class>FindCustomer.AddressT</reference-class>
               <private-owned>true</private-owned>
               <target-foreign-key>
                  <field-reference>
                     <source-field table="ADDRESS_T" name="PERSON_ID" xsi:type="column"/>
                     <target-field table="PERSON_T" name="ID" xsi:type="column"/>
                  </field-reference>
               </target-foreign-key>
               <batch-reading>true</batch-reading>
               <container xsi:type="list-container-policy">
                  <collection-type>org.eclipse.persistence.indirection.IndirectList</collection-type>
               </container>
               <indirection xsi:type="value-holder-indirection-policy"/>
               <selection-query xsi:type="read-all-query">
                  <reference-class>FindCustomer.AddressT</reference-class>
                  <container xsi:type="list-container-policy">
                     <collection-type>org.eclipse.persistence.indirection.IndirectList</collection-type>
                  </container>
               </selection-query>
            </attribute-mapping>
         </attribute-mappings>
         <descriptor-type>independent</descriptor-type>
         <caching>
            <cache-type>weak-reference</cache-type>
            <cache-size>-1</cache-size>
            <always-refresh>true</always-refresh>
         </caching>
         <remote-caching>
            <cache-type>weak-reference</cache-type>
            <cache-size>-1</cache-size>
         </remote-caching>
         <instantiation/>
         <copying xsi:type="instantiation-copy-policy"/>
         <tables>
            <table name="PERSON_T"/>
         </tables>
         <structure>structureName</structure>
      </class-mapping-descriptor>
   </class-mapping-descriptors>
   <login xsi:type="database-login">
      <platform-class>org.eclipse.persistence.platform.database.oracle.Oracle9Platform</platform-class>
      <user-name></user-name>
      <connection-url></connection-url>
   </login>
</object-persistence>
