<?xml version = '1.0' encoding = 'UTF-8'?>
<!DOCTYPE properties SYSTEM "http://java.sun.com/dtd/properties.dtd">
<properties>
   <entry key="CUSTOMER_T.PERSON_ID:db_column_precision">16</entry>
   <entry key="PERSON_T.EMAIL:db_column_type">VARCHAR2</entry>
   <entry key="ADDRESS_T.ZIP_CODE:db_column_not_null">false</entry>
   <entry key="ADDRESS_T.PERSON_ID:db_column_precision">16</entry>
   <entry key="CUSTOMER_T.CC_NUMBER:db_column_not_null">false</entry>
   <entry key="ADDRESS_T.STREET:db_column_type">VARCHAR2</entry>
   <entry key="CUSTOMER_T.RATING:db_column_size">3</entry>
   <entry key="CUSTOMER_T.CC_CVC:db_column_size">5</entry>
   <entry key="PERSON_T.FIRST_NAME:db_column_type">VARCHAR2</entry>
   <entry key="ADDRESS_T.CITY:db_column_not_null">false</entry>
   <entry key="ADDRESS_T.ADDRESS_TYPE:db_column_not_null">false</entry>
   <entry key="ADDRESS_T.COUNTRY_ID:db_column_precision">16</entry>
   <entry key="ADDRESS_T.CITY:db_column_size">50</entry>
   <entry key="PERSON_T.ID:db_column_type">NUMBER</entry>
   <entry key="PERSON_T.LAST_NAME:db_column_not_null">true</entry>
   <entry key="PERSON_T.FIRST_NAME:db_column_not_null">true</entry>
   <entry key="PERSON_T:db_column_4">BIRTH_DATE</entry>
   <entry key="PERSON_T:db_column_3">EMAIL</entry>
   <entry key="PERSON_T:db_column_2">LAST_NAME</entry>
   <entry key="CUSTOMER_T.PERSON_ID:db_column_scale">0</entry>
   <entry key="CUSTOMER_T.ID:db_column_not_null">true</entry>
   <entry key="PERSON_T:db_column_1">FIRST_NAME</entry>
   <entry key="PERSON_T:db_column_0">ID</entry>
   <entry key="CUSTOMER_T.RATING:db_column_type">VARCHAR2</entry>
   <entry key="CUSTOMER_T.CC_CVC:db_column_type">VARCHAR2</entry>
   <entry key="PERSON_T.BIRTH_DATE:db_column_not_null">false</entry>
   <entry key="PERSON_T.BIRTH_DATE:db_column_type">DATE</entry>
   <entry key="CUSTOMER_T.ID:db_column_scale">0</entry>
   <entry key="ADDRESS_T.COUNTRY_ID:db_column_not_null">false</entry>
   <entry key="CUSTOMER_T:db_table_type">TABLE</entry>
   <entry key="ADDRESS_T.CITY:db_column_type">VARCHAR2</entry>
   <entry key="ADDRESS_T.ID:db_column_not_null">true</entry>
   <entry key="ADDRESS_T.ADDRESS_TYPE:db_column_size">50</entry>
   <entry key="ADDRESS_T.STREET:db_column_not_null">false</entry>
   <entry key="ADDRESS_T.ID:db_column_precision">16</entry>
   <entry key="CUSTOMER_T.ID:db_column_type">NUMBER</entry>
   <entry key="ADDRESS_T.ZIP_CODE:db_column_size">10</entry>
   <entry key="return_single_result_set">false</entry>
   <entry key="ADDRESS_T.ID:db_column_type">NUMBER</entry>
   <entry key="PERSON_T.LAST_NAME:db_column_size">50</entry>
   <entry key="CUSTOMER_T.CC_NUMBER:db_column_size">20</entry>
   <entry key="CUSTOMER_T.PERSON_ID:db_column_type">NUMBER</entry>
   <entry key="CUSTOMER_T.CC_TYPE:db_column_size">10</entry>
   <entry key="ADDRESS_T.ID:db_column_scale">0</entry>
   <entry key="ADDRESS_T:db_column_6">COUNTRY_ID</entry>
   <entry key="CUSTOMER_T.CC_CVC:db_column_not_null">false</entry>
   <entry key="ADDRESS_T:db_column_5">CITY</entry>
   <entry key="ADDRESS_T:db_column_4">ZIP_CODE</entry>
   <entry key="ADDRESS_T.ADDRESS_TYPE:db_column_type">VARCHAR2</entry>
   <entry key="ADDRESS_T:db_column_3">STREET</entry>
   <entry key="ADDRESS_T:db_column_2">ADDRESS_TYPE</entry>
   <entry key="CUSTOMER_T.ID:db_column_precision">16</entry>
   <entry key="ADDRESS_T:db_column_1">PERSON_ID</entry>
   <entry key="ADDRESS_T:db_column_0">ID</entry>
   <entry key="ADDRESS_T.PERSON_ID:db_column_not_null">true</entry>
   <entry key="ADDRESS_T.ZIP_CODE:db_column_type">VARCHAR2</entry>
   <entry key="ADDRESS_T.COUNTRY_ID:db_column_type">NUMBER</entry>
   <entry key="PERSON_T.LAST_NAME:db_column_type">VARCHAR2</entry>
   <entry key="CUSTOMER_T.CC_NUMBER:db_column_type">VARCHAR2</entry>
   <entry key="CUSTOMER_T.CC_TYPE:db_column_type">VARCHAR2</entry>
   <entry key="ADDRESS_T:db_table_type">TABLE</entry>
   <entry key="PERSON_T.ID:db_column_not_null">true</entry>
   <entry key="root_descriptor_alias">CUSTOMER_T</entry>
   <entry key="CUSTOMER_T.RATING:db_column_not_null">false</entry>
   <entry key="ADDRESS_T.PERSON_ID:db_column_scale">0</entry>
   <entry key="PERSON_T.EMAIL:db_column_not_null">false</entry>
   <entry key="CUSTOMER_T:db_column_6">CC_CVC</entry>
   <entry key="CUSTOMER_T:db_column_5">CC_EXPIRATION</entry>
   <entry key="CUSTOMER_T:db_column_4">CC_NUMBER</entry>
   <entry key="ADDRESS_T.COUNTRY_ID:db_column_scale">0</entry>
   <entry key="CUSTOMER_T:db_column_3">CC_TYPE</entry>
   <entry key="CUSTOMER_T:db_column_2">RATING</entry>
   <entry key="CUSTOMER_T:db_column_1">PERSON_ID</entry>
   <entry key="ADDRESS_T.PERSON_ID:db_column_type">NUMBER</entry>
   <entry key="CUSTOMER_T:db_column_0">ID</entry>
   <entry key="CUSTOMER_T.CC_EXPIRATION:db_column_not_null">false</entry>
   <entry key="PERSON_T.ID:db_column_scale">0</entry>
   <entry key="CUSTOMER_T.CC_EXPIRATION:db_column_size">7</entry>
   <entry key="PERSON_T.EMAIL:db_column_size">100</entry>
   <entry key="CUSTOMER_T.CC_TYPE:db_column_not_null">false</entry>
   <entry key="PERSON_T.ID:db_column_precision">16</entry>
   <entry key="CUSTOMER_T.PERSON_ID:db_column_not_null">false</entry>
   <entry key="PERSON_T:db_table_type">TABLE</entry>
   <entry key="ADDRESS_T.STREET:db_column_size">50</entry>
   <entry key="CUSTOMER_T.CC_EXPIRATION:db_column_type">VARCHAR2</entry>
   <entry key="PERSON_T.FIRST_NAME:db_column_size">50</entry>
</properties>