<?xml version="1.0" encoding="UTF-8" ?>
<!-- Generated by Oracle SOA Modeler version 1.0 at [10/22/11 5:09 PM]. -->
<composite name="AdapterSOAProject"
           revision="1.0"
           label="2011-10-22_17-09-44_465"
           mode="active"
           state="on"
           xmlns="http://xmlns.oracle.com/sca/1.0"
           xmlns:xs="http://www.w3.org/2001/XMLSchema"
           xmlns:wsp="http://schemas.xmlsoap.org/ws/2004/09/policy"
           xmlns:orawsp="http://schemas.oracle.com/ws/2006/01/policy"
           xmlns:ui="http://xmlns.oracle.com/soa/designer/">
  <import namespace="http://xmlns.oracle.com/pcbpel/adapter/db/osbbook_ejb/UpdateToDB/UpdateCustomer"
          location="UpdateCustomer.wsdl" importType="wsdl"/>
  <reference name="UpdateCustomer" ui:wsdlLocation="UpdateCustomer.wsdl">
    <interface.wsdl interface="http://xmlns.oracle.com/pcbpel/adapter/db/osbbook_ejb/UpdateToDB/UpdateCustomer#wsdl.interface(UpdateCustomer_ptt)"/>
    <binding.jca config="UpdateCustomer_db.jca"/>
    <property name="jca.retry.count" type="xs:int" many="false" override="may">4</property>
    <property name="jca.retry.interval" type="xs:int" many="false"
              override="may">1</property>
    <property name="jca.retry.backoff" type="xs:int" many="false"
              override="may">2</property>
    <property name="jca.retry.maxInterval" type="xs:string" many="false"
              override="may">120</property>
  </reference>
</composite>
