<?xml version="1.0" encoding="UTF-8"?>
<object-persistence xmlns="http://www.eclipse.org/eclipselink/xsds/persistence" xmlns:xsd="http://www.w3.org/2001/XMLSchema" xmlns:eclipselink="http://www.eclipse.org/eclipselink/xsds/persistence" xmlns:xsi="http://www.w3.org/2001/XMLSchema-instance" version="Eclipse Persistence Services - 2.1.2.v20101206-r8635">
   <name>UpdateCustomer-OR</name>
   <class-mapping-descriptors>
      <class-mapping-descriptor xsi:type="object-relational-class-mapping-descriptor">
         <class>UpdateCustomer.CustomerT</class>
         <alias>CUSTOMER_T</alias>
         <primary-key>
            <field table="CUSTOMER_T" name="ID" xsi:type="column"/>
         </primary-key>
         <events/>
         <querying>
            <queries>
               <query name="UpdateCustomerSelect" xsi:type="read-all-query">
                  <reference-class>UpdateCustomer.CustomerT</reference-class>
                  <container xsi:type="list-container-policy">
                     <collection-type>java.util.Vector</collection-type>
                  </container>
               </query>
            </queries>
         </querying>
         <attribute-mappings>
            <attribute-mapping xsi:type="direct-mapping">
               <attribute-name>id</attribute-name>
               <field table="CUSTOMER_T" name="ID" xsi:type="column"/>
               <attribute-classification>java.lang.Long</attribute-classification>
            </attribute-mapping>
            <attribute-mapping xsi:type="direct-mapping">
               <attribute-name>personId</attribute-name>
               <field table="CUSTOMER_T" name="PERSON_ID" xsi:type="column"/>
               <attribute-classification>java.lang.Long</attribute-classification>
            </attribute-mapping>
            <attribute-mapping xsi:type="direct-mapping">
               <attribute-name>rating</attribute-name>
               <field table="CUSTOMER_T" name="RATING" xsi:type="column"/>
               <attribute-classification>java.lang.String</attribute-classification>
            </attribute-mapping>
            <attribute-mapping xsi:type="direct-mapping">
               <attribute-name>ccType</attribute-name>
               <field table="CUSTOMER_T" name="CC_TYPE" xsi:type="column"/>
               <attribute-classification>java.lang.String</attribute-classification>
            </attribute-mapping>
            <attribute-mapping xsi:type="direct-mapping">
               <attribute-name>ccNumber</attribute-name>
               <field table="CUSTOMER_T" name="CC_NUMBER" xsi:type="column"/>
               <attribute-classification>java.lang.String</attribute-classification>
            </attribute-mapping>
            <attribute-mapping xsi:type="direct-mapping">
               <attribute-name>ccExpiration</attribute-name>
               <field table="CUSTOMER_T" name="CC_EXPIRATION" xsi:type="column"/>
               <attribute-classification>java.lang.String</attribute-classification>
            </attribute-mapping>
            <attribute-mapping xsi:type="direct-mapping">
               <attribute-name>ccCvc</attribute-name>
               <field table="CUSTOMER_T" name="CC_CVC" xsi:type="column"/>
               <attribute-classification>java.lang.String</attribute-classification>
            </attribute-mapping>
         </attribute-mappings>
         <descriptor-type>independent</descriptor-type>
         <sequencing>
            <sequence-name>CUSTOMER_SEQ</sequence-name>
            <sequence-field name="ID"/>
         </sequencing>
         <caching>
            <cache-type>weak-reference</cache-type>
            <cache-size>-1</cache-size>
            <always-refresh>true</always-refresh>
         </caching>
         <remote-caching>
            <cache-type>weak-reference</cache-type>
            <cache-size>-1</cache-size>
         </remote-caching>
         <instantiation/>
         <copying xsi:type="instantiation-copy-policy"/>
         <tables>
            <table name="CUSTOMER_T"/>
         </tables>
         <structure>structureName</structure>
      </class-mapping-descriptor>
   </class-mapping-descriptors>
   <login xsi:type="database-login">
      <platform-class>org.eclipse.persistence.platform.database.oracle.Oracle9Platform</platform-class>
      <user-name></user-name>
      <connection-url></connection-url>
   </login>
</object-persistence>
