<?xml version = '1.0' encoding = 'UTF-8'?>
<!DOCTYPE properties SYSTEM "http://java.sun.com/dtd/properties.dtd">
<properties>
   <entry key="CUSTOMER_T.CC_TYPE:db_column_type">VARCHAR2</entry>
   <entry key="CUSTOMER_T.CC_NUMBER:db_column_type">VARCHAR2</entry>
   <entry key="CUSTOMER_T.CC_EXPIRATION:db_column_type">VARCHAR2</entry>
   <entry key="CUSTOMER_T.RATING:db_column_type">VARCHAR2</entry>
   <entry key="CUSTOMER_T.PERSON_ID:db_column_scale">0</entry>
   <entry key="CUSTOMER_T:db_table_type">TABLE</entry>
   <entry key="CUSTOMER_T.RATING:db_column_not_null">false</entry>
   <entry key="CUSTOMER_T.ID:db_column_not_null">true</entry>
   <entry key="CUSTOMER_T.CC_NUMBER:db_column_not_null">false</entry>
   <entry key="CUSTOMER_T.CC_TYPE:db_column_size">10</entry>
   <entry key="CUSTOMER_T.CC_NUMBER:db_column_size">20</entry>
   <entry key="CUSTOMER_T.CC_EXPIRATION:db_column_size">7</entry>
   <entry key="CUSTOMER_T.RATING:db_column_size">3</entry>
   <entry key="CUSTOMER_T.PERSON_ID:db_column_type">NUMBER</entry>
   <entry key="CUSTOMER_T.CC_CVC:db_column_not_null">false</entry>
   <entry key="CUSTOMER_T.CC_CVC:db_column_type">VARCHAR2</entry>
   <entry key="CUSTOMER_T.PERSON_ID:db_column_precision">16</entry>
   <entry key="CUSTOMER_T:db_column_6">CC_CVC</entry>
   <entry key="CUSTOMER_T.ID:db_column_scale">0</entry>
   <entry key="CUSTOMER_T:db_column_5">CC_EXPIRATION</entry>
   <entry key="CUSTOMER_T:db_column_4">CC_NUMBER</entry>
   <entry key="CUSTOMER_T:db_column_3">CC_TYPE</entry>
   <entry key="CUSTOMER_T:db_column_2">RATING</entry>
   <entry key="root_descriptor_alias">CUSTOMER_T</entry>
   <entry key="CUSTOMER_T:db_column_1">PERSON_ID</entry>
   <entry key="CUSTOMER_T:db_column_0">ID</entry>
   <entry key="CUSTOMER_T.CC_EXPIRATION:db_column_not_null">false</entry>
   <entry key="CUSTOMER_T.ID:db_column_precision">16</entry>
   <entry key="CUSTOMER_T.PERSON_ID:db_column_not_null">false</entry>
   <entry key="CUSTOMER_T.ID:db_column_type">NUMBER</entry>
   <entry key="CUSTOMER_T.CC_TYPE:db_column_not_null">false</entry>
   <entry key="CUSTOMER_T.CC_CVC:db_column_size">5</entry>
</properties>