<?xml version="1.0" encoding="UTF-8" ?>
<!-- Generated by Oracle SOA Modeler version 1.0 at [7/13/11 9:32 PM]. -->
<composite name="CustomerManagement"
           revision="1.0"
           label="2011-07-13_21-32-04_778"
           mode="active"
           state="on"
           xmlns="http://xmlns.oracle.com/sca/1.0"
           xmlns:xs="http://www.w3.org/2001/XMLSchema"
           xmlns:wsp="http://schemas.xmlsoap.org/ws/2004/09/policy"
           xmlns:orawsp="http://schemas.oracle.com/ws/2006/01/policy"
           xmlns:ui="http://xmlns.oracle.com/soa/designer/">
  <import namespace="http://xmlns.oracle.com/invoking_soa_composite_sync/CustomerManagement/CustomerManagementSync"
          location="CustomerManagementSync.wsdl" importType="wsdl"/>
  <service name="customermanagementsync_client_ep"
           ui:wsdlLocation="CustomerManagementSync.wsdl">
    <interface.wsdl interface="http://xmlns.oracle.com/invoking_soa_composite_sync/CustomerManagement/CustomerManagementSync#wsdl.interface(CustomerManagementSync)"/>
    <binding.ws port="http://xmlns.oracle.com/invoking_soa_composite_sync/CustomerManagement/CustomerManagementSync#wsdl.endpoint(customermanagementsync_client_ep/CustomerManagementSync_pt)"/>
  </service>
  <service name="CustomerManagementSyncDirect"
           ui:wsdlLocation="CustomerManagementSync.wsdl">
    <interface.wsdl interface="http://xmlns.oracle.com/invoking_soa_composite_sync/CustomerManagement/CustomerManagementSync#wsdl.interface(CustomerManagementSync)"/>
    <binding.direct/>
  </service>
  <component name="CustomerManagementSync" version="1.1">
    <implementation.bpel src="CustomerManagementSync.bpel"/>
  </component>
  <wire>
    <source.uri>customermanagementsync_client_ep</source.uri>
    <target.uri>CustomerManagementSync/customermanagementsync_client</target.uri>
  </wire>
  <wire>
    <source.uri>CustomerManagementSyncDirect</source.uri>
    <target.uri>CustomerManagementSync/customermanagementsync_client</target.uri>
  </wire>
</composite>
