<?xml version="1.0" encoding="UTF-8" ?>
<!-- Generated by Oracle SOA Modeler version 1.0 at [7/20/11 9:42 AM]. -->
<composite name="CustomerChangeDB"
           revision="1.0"
           label="2011-07-20_09-42-12_421"
           mode="active"
           state="on"
           xmlns="http://xmlns.oracle.com/sca/1.0"
           xmlns:xs="http://www.w3.org/2001/XMLSchema"
           xmlns:wsp="http://schemas.xmlsoap.org/ws/2004/09/policy"
           xmlns:orawsp="http://schemas.oracle.com/ws/2006/01/policy"
           xmlns:ui="http://xmlns.oracle.com/soa/designer/">
  <import namespace="http://xmlns.oracle.com/pcbpel/adapter/db/OWSM/CustomerChangeDB/CustomerAdded"
          location="CustomerAdded.wsdl" importType="wsdl"/>
  <service name="CustomerAdded" ui:wsdlLocation="CustomerAdded.wsdl">
    <interface.wsdl interface="http://xmlns.oracle.com/pcbpel/adapter/db/OWSM/CustomerChangeDB/CustomerAdded#wsdl.interface(CustomerAdded_ptt)"/>
    <binding.jca config="CustomerAdded_db.jca"/>
    <property name="jca.retry.count" type="xs:int" many="false" override="may">2147483647</property>
    <property name="jca.retry.interval" type="xs:int" many="false"
              override="may">1</property>
    <property name="jca.retry.backoff" type="xs:int" many="false"
              override="may">2</property>
    <property name="jca.retry.maxInterval" type="xs:string" many="false"
              override="may">120</property>
  </service>
</composite>
