<?xml version="1.0" encoding="UTF-8" ?>
<!-- Generated by Oracle SOA Modeler version 1.0 at [9/4/11 10:43 AM]. -->
<composite name="CustomerManagement"
           revision="1.0"
           label="2011-09-04_10-43-39_468"
           mode="active"
           state="on"
           xmlns="http://xmlns.oracle.com/sca/1.0"
           xmlns:xs="http://www.w3.org/2001/XMLSchema"
           xmlns:wsp="http://schemas.xmlsoap.org/ws/2004/09/policy"
           xmlns:orawsp="http://schemas.oracle.com/ws/2006/01/policy"
           xmlns:ui="http://xmlns.oracle.com/soa/designer/">
  <import namespace="http://xmlns.oracle.com/invoking-async-from-sca-composite/CustomerManagement/CustomerManagementAsync"
          location="CustomerManagementAsync.wsdl" importType="wsdl"/>
  <import namespace="http://xmlns.oracle.com/pcbpel/adapter/file/invoking-async-from-sca-composite/CustomerManagement/AsyncResponseToFile"
          location="AsyncResponseToFile.wsdl" importType="wsdl"/>
  <import namespace="http://osb-cookbook/CustomerManagementAsync"
          location="http://127.0.0.1:7001/sbresource?Proxy/invoking-osb-service-async-from-sca-composite%2Fproxy%2FCustomerManagementAsync"
          importType="wsdl"/>
  <service name="CustomerManagementAsync_ep"
           ui:wsdlLocation="CustomerManagementAsync.wsdl">
    <interface.wsdl interface="http://xmlns.oracle.com/invoking-async-from-sca-composite/CustomerManagement/CustomerManagementAsync#wsdl.interface(execute_ptt)"/>
    <binding.ws port="http://xmlns.oracle.com/invoking-async-from-sca-composite/CustomerManagement/CustomerManagementAsync#wsdl.endpoint(CustomerManagementAsync_ep/execute_pt)"/>
  </service>
  <component name="CustomerManagementAsync">
    <implementation.mediator src="CustomerManagementAsync.mplan"/>
  </component>
  <reference name="CustomerManagementAsyncDirect"
             ui:wsdlLocation="http://127.0.0.1:7001/sbresource?Proxy/invoking-osb-service-async-from-sca-composite%2Fproxy%2FCustomerManagementAsync">
    <interface.wsdl interface="http://osb-cookbook/CustomerManagementAsync#wsdl.interface(CustomerManagementAsync)"
                    callbackInterface="http://osb-cookbook/CustomerManagementAsync#wsdl.interface(CustomerManagementAsyncCallback)"/>
    <binding.direct address="sb:/CustomerManagementAsync"
                    useSSLForCallback="false"
                    connection-factory="com.bea.wli.sb.transports.direct.OSBDirectConnectionFactory"
                    useLocalJNDIProvider="false">
      <property name="java.naming.provider.url">t3://192.168.219.128:7001</property>
    </binding.direct>
  </reference>
  <reference name="AsyncResponseToFile"
             ui:wsdlLocation="AsyncResponseToFile.wsdl">
    <interface.wsdl interface="http://xmlns.oracle.com/pcbpel/adapter/file/invoking-async-from-sca-composite/CustomerManagement/AsyncResponseToFile#wsdl.interface(Write_ptt)"/>
    <binding.jca config="AsyncResponseToFile_file.jca"/>
  </reference>
  <wire>
    <source.uri>CustomerManagementAsync_ep</source.uri>
    <target.uri>CustomerManagementAsync/CustomerManagementAsync</target.uri>
  </wire>
  <wire>
    <source.uri>CustomerManagementAsync/CustomerManagementAsyncDirect</source.uri>
    <target.uri>CustomerManagementAsyncDirect</target.uri>
  </wire>
  <wire>
    <source.uri>CustomerManagementAsync/AsyncResponseToFile</source.uri>
    <target.uri>AsyncResponseToFile</target.uri>
  </wire>
</composite>
