<?xml version="1.0" encoding="UTF-8" ?>
<!-- Generated by Oracle SOA Modeler version 1.0 at [7/13/11 9:32 PM]. -->
<composite name="CustomerManagement"
           revision="1.0"
           label="2011-07-13_21-32-04_778"
           mode="active"
           state="on"
           xmlns="http://xmlns.oracle.com/sca/1.0"
           xmlns:xs="http://www.w3.org/2001/XMLSchema"
           xmlns:wsp="http://schemas.xmlsoap.org/ws/2004/09/policy"
           xmlns:orawsp="http://schemas.oracle.com/ws/2006/01/policy"
           xmlns:ui="http://xmlns.oracle.com/soa/designer/">
  <import namespace="http://xmlns.oracle.com/osb-cookbook/CustomerManagement/CustomerManagementSync"
          location="CustomerManagementSync.wsdl" importType="wsdl"/>
  <import namespace="http://osb-cookbook/CustomerManagement"
          location="invoking_osb_service_synchronously_from_sca_composite_2Fproxy_2FCustomerManagement.wsdl"
          importType="wsdl"/>
  <service name="CustomerManagementSync_ep"
           ui:wsdlLocation="CustomerManagementSync.wsdl">
    <interface.wsdl interface="http://xmlns.oracle.com/osb-cookbook/CustomerManagement/CustomerManagementSync#wsdl.interface(execute_ptt)"/>
    <binding.ws port="http://xmlns.oracle.com/osb-cookbook/CustomerManagement/CustomerManagementSync#wsdl.endpoint(CustomerManagementSync_ep/execute_pt)"/>
  </service>
  <component name="CustomerManagementSync">
    <implementation.mediator src="CustomerManagementSync.mplan"/>
  </component>
  <reference name="CustomerManagementDirect"
             ui:wsdlLocation="invoking_osb_service_synchronously_from_sca_composite_2Fproxy_2FCustomerManagement.wsdl">
    <interface.wsdl interface="http://osb-cookbook/CustomerManagement#wsdl.interface(CustomerManagement)"/>
    <binding.direct address="sb:/CustomerManagement"
                    connection-factory="com.bea.wli.sb.transports.direct.OSBDirectConnectionFactory"
                    useLocalJNDIProvider="false">
      <property name="java.naming.provider.url">t3://192.168.219.135:7001</property>
    </binding.direct>
  </reference>
  <wire>
    <source.uri>CustomerManagementSync_ep</source.uri>
    <target.uri>CustomerManagementSync/CustomerManagementSync</target.uri>
  </wire>
  <wire>
    <source.uri>CustomerManagementSync/CustomerManagementDirect</source.uri>
    <target.uri>CustomerManagementDirect</target.uri>
  </wire>
</composite>
