<?xml version="1.0" encoding="UTF-8" ?>
<!-- Generated by Oracle SOA Modeler version 1.0 at [7/13/11 9:32 PM]. -->
<composite name="CustomerManagement"
           revision="1.0"
           label="2011-07-13_21-32-04_778"
           mode="active"
           state="on"
           xmlns="http://xmlns.oracle.com/sca/1.0"
           xmlns:xs="http://www.w3.org/2001/XMLSchema"
           xmlns:wsp="http://schemas.xmlsoap.org/ws/2004/09/policy"
           xmlns:orawsp="http://schemas.oracle.com/ws/2006/01/policy"
           xmlns:ui="http://xmlns.oracle.com/soa/designer/">
  <import namespace="http://xmlns.oracle.com/invoking_soa_composite_async/CustomerManagement/CustomerManagementASync"
          location="CustomerManagementASync.wsdl" importType="wsdl"/>
  <service name="customermanagementasync_client_ep"
           ui:wsdlLocation="CustomerManagementASync.wsdl">
    <interface.wsdl interface="http://xmlns.oracle.com/invoking_soa_composite_async/CustomerManagement/CustomerManagementASync#wsdl.interface(CustomerManagementASync)"
                    callbackInterface="http://xmlns.oracle.com/invoking_soa_composite_async/CustomerManagement/CustomerManagementASync#wsdl.interface(CustomerManagementASyncCallback)"/>
    <binding.ws port="http://xmlns.oracle.com/invoking_soa_composite_async/CustomerManagement/CustomerManagementASync#wsdl.endpoint(customermanagementasync_client_ep/CustomerManagementASync_pt)"/>
    <callback>
      <binding.ws port="http://xmlns.oracle.com/invoking_soa_composite_async/CustomerManagement/CustomerManagementASync#wsdl.endpoint(customermanagementasync_client_ep/CustomerManagementASyncCallback_pt)"/>
    </callback>
  </service>
  <service name="CustomerManagementASyncDirect"
           ui:wsdlLocation="CustomerManagementASync.wsdl">
    <interface.wsdl interface="http://xmlns.oracle.com/invoking_soa_composite_async/CustomerManagement/CustomerManagementASync#wsdl.interface(CustomerManagementASync)"
                    callbackInterface="http://xmlns.oracle.com/invoking_soa_composite_async/CustomerManagement/CustomerManagementASync#wsdl.interface(CustomerManagementASyncCallback)"/>
    <binding.direct/>
  </service>
  <component name="CustomerManagementASync" version="1.1">
    <implementation.bpel src="CustomerManagementASync.bpel"/>
  </component>
  <wire>
    <source.uri>customermanagementasync_client_ep</source.uri>
    <target.uri>CustomerManagementASync/customermanagementasync_client</target.uri>
  </wire>
  <wire>
    <source.uri>CustomerManagementASyncDirect</source.uri>
    <target.uri>CustomerManagementASync/customermanagementasync_client</target.uri>
  </wire>
</composite>
